davidmanhtrinh-tech,Tue Sep 29 01:30:19 2026 +1000,Added six prototype folders
davidmanhtrinh-tech,Tue Sep 29 00:28:23 2026 +1000,Solid gradient changed into a linear gradient background.
davidmanhtrinh-tech,Tue Sep 29 00:22:39 2026 +1000,Update monstar.css
davidmanhtrinh-tech,Tue Sep 29 00:20:13 2026 +1000,Update monstar.css
davidmanhtrinh-tech,Tue Sep 29 00:19:01 2026 +1000,On p1a-performance-stage: !!GitHub_Desktop<p1a-performance-stage>
davidmanhtrinh-tech,Tue Sep 29 00:19:01 2026 +1000,index on p1a-performance-stage: 8dc3216 Update monstar.html
davidmanhtrinh-tech,Mon Sep 28 23:05:57 2026 +1000,Update monstar.html
davidmanhtrinh-tech,Mon Sep 28 23:02:06 2026 +1000,Update monstar.html
davidmanhtrinh-tech,Mon Sep 28 23:01:21 2026 +1000,Update monstar.html
davidmanhtrinh-tech,Mon Sep 28 23:00:41 2026 +1000,Changed solid background to gradient background
davidmanhtrinh-tech,Mon Sep 28 22:42:41 2026 +1000,I simply updated the the solid background colour to a gradient colour.
davidmanhtrinh-tech,Mon Sep 28 22:36:02 2026 +1000,Removed Figma Background
davidmanhtrinh-tech,Mon Sep 28 22:32:12 2026 +1000,added in the updated SVG files of the Monstars
davidmanhtrinh-tech,Mon Sep 28 14:14:37 2026 +1000,created a shared rhythm system for Monstars
davidmanhtrinh-tech,Mon Sep 28 13:21:17 2026 +1000,Added loop aligned cycles for monstars
davidmanhtrinh-tech,Mon Sep 28 12:22:25 2026 +1000,I added an independent timed loops for Monstars
davidmanhtrinh-tech,Sat Sep 26 21:08:52 2026 +1000,Add spatial relationships between Monstars
davidmanhtrinh-tech,Fri Sep 25 00:10:03 2026 +1000,Build P1B musical playground with activation zones
davidmanhtrinh-tech,Thu Sep 24 18:08:52 2026 +1000,Add spatial audio parameter mapping to performance stage
davidmanhtrinh-tech,Wed Sep 23 11:44:09 2026 +1000,Develop Monstars performance stage prototype
davidmanhtrinh-tech,Wed Sep 23 10:46:03 2026 +1000,Update monstar.html
davidmanhtrinh-tech,Tue Sep 22 17:40:57 2026 +1000,Adding in samples
davidmanhtrinh-tech,Wed Sep 9 15:58:41 2026 +1000,monstar
davidmanhtrinh-tech,Wed Aug 26 18:43:38 2026 +1000,dragging function troubleshoot
davidmanhtrinh-tech,Wed Aug 26 16:30:43 2026 +1000,monstars
davidmanhtrinh-tech,Wed Aug 26 14:10:40 2026 +1000,added audio and play/pause
davidmanhtrinh-tech,Wed Aug 19 16:23:34 2026 +1000,added in an SVG graphic of a personally designed characted and  began implementing dragging inputs
davidmanhtrinh-tech,Wed Aug 19 15:59:15 2026 +1000,added in css and js - inputted js edge
davidmanhtrinh-tech,Wed Aug 12 16:12:44 2026 +1000,CSS designing
davidmanhtrinh-tech,Wed Aug 12 16:10:35 2026 +1000,playing around
davidmanhtrinh-tech,Wed Aug 12 15:55:32 2026 +1000,added design system in css
davidmanhtrinh-tech,Wed Aug 12 14:59:20 2026 +1000,Id was spaced apart
davidmanhtrinh-tech,Wed Aug 12 14:56:37 2026 +1000,added our audio Init
davidmanhtrinh-tech,Wed Aug 12 14:49:47 2026 +1000,added modal